user,fullname,tweet-id,timestamp,url,likes,replies,retweets,text,html
realDonaldTrump,Donald J. Trump,997233764689498112,2018-05-17 21:53:51,/realDonaldTrump/status/997233764689498112,79795,6374,16005,Great talk with my friend President Mauricio Macri of Argentina this week. He is doing such a good job for Argentina. I support his vision for transforming his country’s economy and unleashing its potential!,"<p class=""TweetTextSize js-tweet-text tweet-text"" data-aria-label-part=""0"" lang=""en"">Great talk with my friend President Mauricio Macri of Argentina this week. He is doing such a good job for Argentina. I support his vision for transforming his country’s <strong>economy</strong> and unleashing its potential!</p>"
realDonaldTrump,Donald J. Trump,1001424695126880258,2018-05-29 11:27:07,/realDonaldTrump/status/1001424695126880258,116859,36961,27411,"Sorry, I’ve got to start focusing my energy on North Korea Nuclear, bad Trade Deals, VA Choice, the Economy, rebuilding the Military, and so much more, and not on the Rigged Russia Witch Hunt that should be investigating Clinton/Russia/FBI/Justice/Obama/Comey/Lynch etc.","<p class=""TweetTextSize js-tweet-text tweet-text"" data-aria-label-part=""0"" lang=""en"">Sorry, I’ve got to start focusing my energy on North Korea Nuclear, bad Trade Deals, VA Choice, the <strong>Economy</strong>, rebuilding the Military, and so much more, and not on the Rigged Russia Witch Hunt that should be investigating Clinton/Russia/FBI/Justice/Obama/Comey/Lynch etc.</p>"
realDonaldTrump,Donald J. Trump,1001085207825534976,2018-05-28 12:58:07,/realDonaldTrump/status/1001085207825534976,126049,66659,25883,"Happy Memorial Day! Those who died for our great country would be very happy and proud at how well our country is doing today. Best economy in decades, lowest unemployment numbers for Blacks and Hispanics EVER (& women in 18years), rebuilding our Military and so much more. Nice!","<p class=""TweetTextSize js-tweet-text tweet-text"" data-aria-label-part=""0"" lang=""en"">Happy Memorial Day! Those who died for our great country would be very happy and proud at how well our country is doing today. Best <strong>economy</strong> in decades, lowest unemployment numbers for Blacks and Hispanics EVER (&amp; women in 18years), rebuilding our Military and so much more. Nice!</p>"
realDonaldTrump,Donald J. Trump,1026196465696350208,2018-08-05 20:01:17,/realDonaldTrump/status/1026196465696350208,132618,43504,28084,"Presidential Approval numbers are very good - strong economy, military and just about everything else. Better numbers than Obama at this point, by far. We are winning on just about every front and for that reason there will not be a Blue Wave, but there might be a Red Wave!","<p class=""TweetTextSize js-tweet-text tweet-text"" data-aria-label-part=""0"" lang=""en"">Presidential Approval numbers are very good - strong <strong>economy</strong>, military and just about everything else. Better numbers than Obama at this point, by far. We are winning on just about every front and for that reason there will not be a Blue Wave, but there might be a Red Wave!</p>"
realDonaldTrump,Donald J. Trump,1025847254660403201,2018-08-04 20:53:39,/realDonaldTrump/status/1025847254660403201,85006,15630,17852,"Iran, and it’s economy, is going very bad, and fast! I will meet, or not meet, it doesn’t matter - it is up to them!","<p class=""TweetTextSize js-tweet-text tweet-text"" data-aria-label-part=""0"" lang=""en"">Iran, and it’s <strong>economy</strong>, is going very bad, and fast! I will meet, or not meet, it doesn’t matter - it is up to them!</p>"
realDonaldTrump,Donald J. Trump,1025834673736482817,2018-08-04 20:03:39,/realDonaldTrump/status/1025834673736482817,67896,8403,15925,"....China, which is for the first time doing poorly against us, is spending a fortune on ads and P.R. trying to convince and scare our politicians to fight me on Tariffs- because they are really hurting their economy. Likewise other countries. We are Winning, but must be strong!","<p class=""TweetTextSize js-tweet-text tweet-text"" data-aria-label-part=""0"" lang=""en"">....China, which is for the first time doing poorly against us, is spending a fortune on ads and P.R. trying to convince and scare our politicians to fight me on Tariffs- because they are really hurting their <strong>economy</strong>. Likewise other countries. We are Winning, but must be strong!</p>"
realDonaldTrump,Donald J. Trump,1025504226204680192,2018-08-03 22:10:35,/realDonaldTrump/status/1025504226204680192,76278,9097,17811,July is just the ninth month since 1970 that unemployment has fallen below 4%. Our economy has added 3.7 million jobs since I won the Election. 4.1 GDP. More than 4 million people have received a pay raise due to tax reform. $400 Billion brought back from “overseas.” @FoxNews,"<p class=""TweetTextSize js-tweet-text tweet-text"" data-aria-label-part=""0"" lang=""en"">July is just the ninth month since 1970 that unemployment has fallen below 4%. Our <strong>economy</strong> has added 3.7 million jobs since I won the Election. 4.1 GDP. More than 4 million people have received a pay raise due to tax reform. $400 Billion brought back from “overseas.” <a class=""twitter-atreply pretty-link js-nav"" data-mentioned-user-id=""1367531"" dir=""ltr"" href=""/FoxNews""><s>@</s><b>FoxNews</b></a></p>"
realDonaldTrump,Donald J. Trump,1022877332858650624,2018-07-27 16:12:14,/realDonaldTrump/status/1022877332858650624,88994,11904,21246,"I am thrilled to announce that in the second quarter of this year, the U.S. Economy grew at the amazing rate of 4.1%! pic.twitter.com/xeAPwAAOXN","<p class=""TweetTextSize js-tweet-text tweet-text"" data-aria-label-part=""0"" lang=""en"">I am thrilled to announce that in the second quarter of this year, the U.S. <strong>Economy</strong> grew at the amazing rate of 4.1%! <a class=""twitter-timeline-link u-hidden"" data-pre-embedded=""true"" dir=""ltr"" href=""https://t.co/xeAPwAAOXN"">pic.twitter.com/xeAPwAAOXN</a></p>"
realDonaldTrump,Donald J. Trump,1055531231495024642,2018-10-25 18:47:11,/realDonaldTrump/status/1055531231495024642,52564,3439,12238,"...I agree with their stance 100%, and the United States is likewise taking a very hard line on illegal immigration. The Prime Minister is working very hard on the economy of Italy - he will be successful!","<p class=""TweetTextSize js-tweet-text tweet-text"" data-aria-label-part=""0"" lang=""en"">...I agree with their stance 100%, and the United States is likewise taking a very hard line on illegal immigration. The Prime Minister is working very hard on the <strong>economy</strong> of Italy - he will be successful!</p>"
realDonaldTrump,Donald J. Trump,1054556416155910144,2018-10-23 02:13:36,/realDonaldTrump/status/1054556416155910144,61653,9128,18003,At stake in this Election is whether we continue the extraordinary prosperity we have achieved - or whether we let the Radical Democrat Mob take a giant wrecking ball to our Country and our Economy! #JobsNotMobspic.twitter.com/POhRivI1BZ,"<p class=""TweetTextSize js-tweet-text tweet-text"" data-aria-label-part=""0"" lang=""en"">At stake in this Election is whether we continue the extraordinary prosperity we have achieved - or whether we let the Radical Democrat Mob take a giant wrecking ball to our Country and our <strong>Economy</strong>! <a class=""twitter-hashtag pretty-link js-nav"" data-query-source=""hashtag_click"" dir=""ltr"" href=""/hashtag/JobsNotMobs?src=hash""><s>#</s><b>JobsNotMobs</b></a><a class=""twitter-timeline-link u-hidden"" data-pre-embedded=""true"" dir=""ltr"" href=""https://t.co/POhRivI1BZ"">pic.twitter.com/POhRivI1BZ</a></p>"
realDonaldTrump,Donald J. Trump,1014094834863362049,2018-07-03 10:33:44,/realDonaldTrump/status/1014094834863362049,65600,9644,13986,"The economy is doing perhaps better than ever before, and that’s prior to fixing some of the worst and most unfair Trade Deals ever made by any country. In any event, they are coming along very well. Most countries agree that they must be changed, but nobody ever asked!","<p class=""TweetTextSize js-tweet-text tweet-text"" data-aria-label-part=""0"" lang=""en"">The <strong>economy</strong> is doing perhaps better than ever before, and that’s prior to fixing some of the worst and most unfair Trade Deals ever made by any country. In any event, they are coming along very well. Most countries agree that they must be changed, but nobody ever asked!</p>"
realDonaldTrump,Donald J. Trump,1013507396558303233,2018-07-01 19:39:28,/realDonaldTrump/status/1013507396558303233,121906,19955,25167,"A big week, especially with our numerous victories in the Supreme Court. Heading back to the White House now. Focus will be on the selection of a new Supreme Court Justice. Exciting times for our country. Economy may be stronger than it has ever been!","<p class=""TweetTextSize js-tweet-text tweet-text"" data-aria-label-part=""0"" lang=""en"">A big week, especially with our numerous victories in the Supreme Court. Heading back to the White House now. Focus will be on the selection of a new Supreme Court Justice. Exciting times for our country. <strong>Economy</strong> may be stronger than it has ever been!</p>"
realDonaldTrump,Donald J. Trump,1011579076493144065,2018-06-26 11:57:00,/realDonaldTrump/status/1011579076493144065,71451,5584,15056,"It was great being with Governor Henry McMaster last night in South Carolina. Henry is tough on Crime and Borders, loves our Military and our Vets and has created many jobs and a great economy. GO OUT AND VOTE FOR HENRY TODAY, HE WILL NEVER LET YOU DOWN!","<p class=""TweetTextSize js-tweet-text tweet-text"" data-aria-label-part=""0"" lang=""en"">It was great being with Governor Henry McMaster last night in South Carolina. Henry is tough on Crime and Borders, loves our Military and our Vets and has created many jobs and a great <strong>economy</strong>. GO OUT AND VOTE FOR HENRY TODAY, HE WILL NEVER LET YOU DOWN!</p>"
realDonaldTrump,Donald J. Trump,1037661562897682432,2018-09-06 11:19:30,/realDonaldTrump/status/1037661562897682432,126675,30665,35410,"The Deep State and the Left, and their vehicle, the Fake News Media, are going Crazy - & they don’t know what to do. The Economy is booming like never before, Jobs are at Historic Highs, soon TWO Supreme Court Justices & maybe Declassification to find Additional Corruption. Wow!","<p class=""TweetTextSize js-tweet-text tweet-text"" data-aria-label-part=""0"" lang=""en"">The Deep State and the Left, and their vehicle, the Fake News Media, are going Crazy - &amp; they don’t know what to do. The <strong>Economy</strong> is booming like never before, Jobs are at Historic Highs, soon TWO Supreme Court Justices &amp; maybe Declassification to find Additional Corruption. Wow!</p>"
realDonaldTrump,Donald J. Trump,1037329782671859712,2018-09-05 13:21:07,/realDonaldTrump/status/1037329782671859712,59092,8223,13577,The Trump Economy is booming with help of House and Senate GOP. #FarmBill with SNAP work  requirements will bolster farmers and get America back to work. Pass the Farm Bill with SNAP work requirements!,"<p class=""TweetTextSize js-tweet-text tweet-text"" data-aria-label-part=""0"" lang=""en"">The Trump <strong>Economy</strong> is booming with help of House and Senate GOP. <a class=""twitter-hashtag pretty-link js-nav"" data-query-source=""hashtag_click"" dir=""ltr"" href=""/hashtag/FarmBill?src=hash""><s>#</s><b>FarmBill</b></a> with SNAP work  requirements will bolster farmers and get America back to work. Pass the Farm Bill with SNAP work requirements!</p>"
realDonaldTrump,Donald J. Trump,1030072571948134400,2018-08-16 12:43:33,/realDonaldTrump/status/1030072571948134400,89842,18110,21272,"Our Economy is doing better than ever. Money is pouring into our cherished DOLLAR like rarely before, companies earnings are higher than ever, inflation is low & business optimism is higher than it has ever been. For the first time in many decades, we are protecting our workers!","<p class=""TweetTextSize js-tweet-text tweet-text"" data-aria-label-part=""0"" lang=""en"">Our <strong>Economy</strong> is doing better than ever. Money is pouring into our cherished DOLLAR like rarely before, companies earnings are higher than ever, inflation is low &amp; business optimism is higher than it has ever been. For the first time in many decades, we are protecting our workers!</p>"
realDonaldTrump,Donald J. Trump,1027214330503352320,2018-08-08 15:25:55,/realDonaldTrump/status/1027214330503352320,93072,23923,20631,"As long as I campaign and/or support Senate and House candidates (within reason), they will win! I LOVE the people, & they certainly seem to like the job I’m doing. If I find the time, in between China, Iran, the Economy and much more, which I must, we will have a giant Red Wave!","<p class=""TweetTextSize js-tweet-text tweet-text"" data-aria-label-part=""0"" lang=""en"">As long as I campaign and/or support Senate and House candidates (within reason), they will win! I LOVE the people, &amp; they certainly seem to like the job I’m doing. If I find the time, in between China, Iran, the <strong>Economy</strong> and much more, which I must, we will have a giant Red Wave!</p>"
realDonaldTrump,Donald J. Trump,1026481210405605376,2018-08-06 14:52:46,/realDonaldTrump/status/1026481210405605376,73167,12620,17143,"Great financial numbers being announced on an almost daily basis. Economy has never been better, jobs at best point in history. Fixing our terrible Trade Deals is a priority-and going very well. Immigration on Merit Based System to take care of the companies coming back to U.S.A.","<p class=""TweetTextSize js-tweet-text tweet-text"" data-aria-label-part=""0"" lang=""en"">Great financial numbers being announced on an almost daily basis. <strong>Economy</strong> has never been better, jobs at best point in history. Fixing our terrible Trade Deals is a priority-and going very well. Immigration on Merit Based System to take care of the companies coming back to U.S.A.</p>"
realDonaldTrump,Donald J. Trump,1016638035281219584,2018-07-10 10:59:30,/realDonaldTrump/status/1016638035281219584,121384,23935,24901,"Thank you to all of my great supporters, really big progress being made. Other countries wanting to fix crazy trade deals. Economy is ROARING. Supreme Court pick getting GREAT REVIEWS. New Poll says Trump, at over 90%, is the most popular Republican in history of the Party. Wow!","<p class=""TweetTextSize js-tweet-text tweet-text"" data-aria-label-part=""0"" lang=""en"">Thank you to all of my great supporters, really big progress being made. Other countries wanting to fix crazy trade deals. <strong>Economy</strong> is ROARING. Supreme Court pick getting GREAT REVIEWS. New Poll says Trump, at over 90%, is the most popular Republican in history of the Party. Wow!</p>"
realDonaldTrump,Donald J. Trump,1010567610352611328,2018-06-23 16:57:48,/realDonaldTrump/status/1010567610352611328,77996,9896,14798,"Heading to Nevada to talk trade and immigration with supporters. Country’s economy is stronger than ever before with numbers that are getting better by the week. Tremendous potential, and trade deals are coming along well.","<p class=""TweetTextSize js-tweet-text tweet-text"" data-aria-label-part=""0"" lang=""en"">Heading to Nevada to talk trade and immigration with supporters. Country’s <strong>economy</strong> is stronger than ever before with numbers that are getting better by the week. Tremendous potential, and trade deals are coming along well.</p>"
realDonaldTrump,Donald J. Trump,1010503423773507584,2018-06-23 12:42:45,/realDonaldTrump/status/1010503423773507584,61997,6678,12857,“Disability applications plunge as economy strengthens”  Failing New York Times,"<p class=""TweetTextSize js-tweet-text tweet-text"" data-aria-label-part=""0"" lang=""en"">“Disability applications plunge as <strong>economy</strong> strengthens”  Failing New York Times</p>"
realDonaldTrump,Donald J. Trump,1009895079631351808,2018-06-21 20:25:24,/realDonaldTrump/status/1009895079631351808,45809,7697,11043,"""The real big story that affects everybody in America is the success of @POTUS's TAX CUT package and what it's done for our economy...” @Varneycopic.twitter.com/2bUbA7zSFM","<p class=""TweetTextSize js-tweet-text tweet-text"" data-aria-label-part=""0"" lang=""en"">""The real big story that affects everybody in America is the success of <a class=""twitter-atreply pretty-link js-nav"" data-mentioned-user-id=""822215679726100480"" dir=""ltr"" href=""/POTUS""><s>@</s><b>POTUS</b></a>'s TAX CUT package and what it's done for our <strong>economy</strong>...” <a class=""twitter-atreply pretty-link js-nav"" data-mentioned-user-id=""281610530"" dir=""ltr"" href=""/Varneyco""><s>@</s><b>Varneyco</b></a><a class=""twitter-timeline-link u-hidden"" data-pre-embedded=""true"" dir=""ltr"" href=""https://t.co/2bUbA7zSFM"">pic.twitter.com/2bUbA7zSFM</a></p>"
realDonaldTrump,Donald J. Trump,1008335560988078080,2018-06-17 13:08:26,/realDonaldTrump/status/1008335560988078080,80082,13647,14961,"Our economy is perhaps BETTER than it has ever been. Companies doing really well, and moving back to America, and jobs numbers are the best in 44 years.","<p class=""TweetTextSize js-tweet-text tweet-text"" data-aria-label-part=""0"" lang=""en"">Our <strong>economy</strong> is perhaps BETTER than it has ever been. Companies doing really well, and moving back to America, and jobs numbers are the best in 44 years.</p>"
realDonaldTrump,Donald J. Trump,1007589800667435011,2018-06-15 11:45:03,/realDonaldTrump/status/1007589800667435011,95827,11919,20520,"U.S.A. Jobs numbers are the BEST in 44 years. If my opponent (the Democrats) had won the election, they would have raised taxes substantially and increased regulations - the economy, and jobs, would have been a disaster!","<p class=""TweetTextSize js-tweet-text tweet-text"" data-aria-label-part=""0"" lang=""en"">U.S.A. Jobs numbers are the BEST in 44 years. If my opponent (the Democrats) had won the election, they would have raised taxes substantially and increased regulations - the <strong>economy</strong>, and jobs, would have been a disaster!</p>"
realDonaldTrump,Donald J. Trump,1007239837529800705,2018-06-14 12:34:25,/realDonaldTrump/status/1007239837529800705,110984,19529,22715,The Republican Party is starting to show very big numbers. People are starting to see what is being done. Results are speaking loudly. North Korea and our greatest ever economy are leading the way!,"<p class=""TweetTextSize js-tweet-text tweet-text"" data-aria-label-part=""0"" lang=""en"">The Republican Party is starting to show very big numbers. People are starting to see what is being done. Results are speaking loudly. North Korea and our greatest ever <strong>economy</strong> are leading the way!</p>"
realDonaldTrump,Donald J. Trump,1042738383720726528,2018-09-20 11:32:58,/realDonaldTrump/status/1042738383720726528,60761,8417,15390,"“We can’t secure the Border because of the Democrats historic level of Obstruction. The Presidents fed up with this. His agenda is working. The economy is growing at twice the rate it did under Obama. We’ve nominated and confirmed 68 Federal Judges, 26 Court of Appeals Judges....","<p class=""TweetTextSize js-tweet-text tweet-text"" data-aria-label-part=""0"" lang=""en"">“We can’t secure the Border because of the Democrats historic level of Obstruction. The Presidents fed up with this. His agenda is working. The <strong>economy</strong> is growing at twice the rate it did under Obama. We’ve nominated and confirmed 68 Federal Judges, 26 Court of Appeals Judges....</p>"
realDonaldTrump,Donald J. Trump,1042731410858168320,2018-09-20 11:05:16,/realDonaldTrump/status/1042731410858168320,70843,8283,17508,"Financial and jobs numbers are fantastic. There are plenty of new, high paying jobs available in our great and very vibrant economy. If you are not happy where you are, start looking - but also remember, our economy is only getting better. Vote in Midterms!","<p class=""TweetTextSize js-tweet-text tweet-text"" data-aria-label-part=""0"" lang=""en"">Financial and jobs numbers are fantastic. There are plenty of new, high paying jobs available in our great and very vibrant <strong>economy</strong>. If you are not happy where you are, start looking - but also remember, our <strong>economy</strong> is only getting better. Vote in Midterms!</p>"
realDonaldTrump,Donald J. Trump,1042376378593804289,2018-09-19 11:34:29,/realDonaldTrump/status/1042376378593804289,77418,15311,18681,"“The recovery got started on Election Day 2016. It took Trump’s Tax Cuts and Regulation Cuts to get the economy booming. Before that it was the worst and slowest economic recovery since the Great Depression. It took just 6 months for Trump to get to 3%, even though they said.....","<p class=""TweetTextSize js-tweet-text tweet-text"" data-aria-label-part=""0"" lang=""en"">“The recovery got started on Election Day 2016. It took Trump’s Tax Cuts and Regulation Cuts to get the <strong>economy</strong> booming. Before that it was the worst and slowest economic recovery since the Great Depression. It took just 6 months for Trump to get to 3%, even though they said.....</p>"
realDonaldTrump,Donald J. Trump,994179864436596736,2018-05-09 11:38:45,/realDonaldTrump/status/994179864436596736,115317,54335,26148,"The Fake News is working overtime. Just reported that, despite the tremendous success we are having with the economy & all things else, 91% of the Network News about me is negative (Fake). Why do we work so hard in working with the media when it is corrupt? Take away credentials?","<p class=""TweetTextSize js-tweet-text tweet-text"" data-aria-label-part=""0"" lang=""en"">The Fake News is working overtime. Just reported that, despite the tremendous success we are having with the <strong>economy</strong> &amp; all things else, 91% of the Network News about me is negative (Fake). Why do we work so hard in working with the media when it is corrupt? Take away credentials?</p>"
realDonaldTrump,Donald J. Trump,994176238846664706,2018-05-09 11:24:20,/realDonaldTrump/status/994176238846664706,79931,9409,18098,"The Republican Party had a great night. Tremendous voter energy and excitement, and all candidates are those who have a great chance of winning in November. The Economy is sooo strong, and with Nancy Pelosi wanting to end the big Tax Cuts and Raise Taxes, why wouldn’t we win?","<p class=""TweetTextSize js-tweet-text tweet-text"" data-aria-label-part=""0"" lang=""en"">The Republican Party had a great night. Tremendous voter energy and excitement, and all candidates are those who have a great chance of winning in November. The <strong>Economy</strong> is sooo strong, and with Nancy Pelosi wanting to end the big Tax Cuts and Raise Taxes, why wouldn’t we win?</p>"
realDonaldTrump,Donald J. Trump,1041151464046043137,2018-09-16 02:27:07,/realDonaldTrump/status/1041151464046043137,66734,32941,19017,Exclusive -- Donald Trump Jr. to Obama: My Dad Fixed the Economy You Could Not http://bit.ly/2NehnyL  via @BreitbartNews,"<p class=""TweetTextSize js-tweet-text tweet-text"" data-aria-label-part=""0"" lang=""en"">Exclusive -- Donald Trump Jr. to Obama: My Dad Fixed the <strong>Economy</strong> You Could Not <a class=""twitter-timeline-link"" data-expanded-url=""http://bit.ly/2NehnyL"" dir=""ltr"" href=""https://t.co/HXuSBGFmf2"" rel=""nofollow noopener"" target=""_blank"" title=""http://bit.ly/2NehnyL""><span class=""tco-ellipsis""></span><span class=""invisible"">http://</span><span class=""js-display-url"">bit.ly/2NehnyL</span><span class=""invisible""></span><span class=""tco-ellipsis""><span class=""invisible""> </span></span></a> via <a class=""twitter-atreply pretty-link js-nav"" data-mentioned-user-id=""457984599"" dir=""ltr"" href=""/BreitbartNews""><s>@</s><b>BreitbartNews</b></a></p>"
realDonaldTrump,Donald J. Trump,1041086383505465345,2018-09-15 22:08:30,/realDonaldTrump/status/1041086383505465345,82618,37661,20826,"While my (our) poll numbers are good, with the Economy being the best ever, if it weren’t for the Rigged Russian Witch Hunt, they would be 25 points higher! Highly conflicted Bob Mueller & the 17 Angry Democrats are using this Phony issue to hurt us in the Midterms. No Collusion!","<p class=""TweetTextSize js-tweet-text tweet-text"" data-aria-label-part=""0"" lang=""en"">While my (our) poll numbers are good, with the <strong>Economy</strong> being the best ever, if it weren’t for the Rigged Russian Witch Hunt, they would be 25 points higher! Highly conflicted Bob Mueller &amp; the 17 Angry Democrats are using this Phony issue to hurt us in the Midterms. No Collusion!</p>"
realDonaldTrump,Donald J. Trump,1039693872396468227,2018-09-12 01:55:10,/realDonaldTrump/status/1039693872396468227,108157,27847,27792,"Crazy Maxine Waters: “After we impeach Trump, we’ll go after Mike Pence. We’ll get him.”  @FoxNews  Where are the Democrats coming from? The best Economy in the history of our country would totally collapse if they ever took control!","<p class=""TweetTextSize js-tweet-text tweet-text"" data-aria-label-part=""0"" lang=""en"">Crazy Maxine Waters: “After we impeach Trump, we’ll go after Mike Pence. We’ll get him.”  <a class=""twitter-atreply pretty-link js-nav"" data-mentioned-user-id=""1367531"" dir=""ltr"" href=""/FoxNews""><s>@</s><b>FoxNews</b></a>  Where are the Democrats coming from? The best <strong>Economy</strong> in the history of our country would totally collapse if they ever took control!</p>"
realDonaldTrump,Donald J. Trump,1039150829754888193,2018-09-10 13:57:18,/realDonaldTrump/status/1039150829754888193,88492,24226,21616,"The Economy is soooo good, perhaps the best in our country’s history (remember, it’s the economy stupid!), that the Democrats are flailing & lying like CRAZY! Phony books, articles and T.V. “hits” like no other pol has had to endure-and they are losing big. Very dishonest people!","<p class=""TweetTextSize js-tweet-text tweet-text"" data-aria-label-part=""0"" lang=""en"">The <strong>Economy</strong> is soooo good, perhaps the best in our country’s history (remember, it’s the <strong>economy</strong> stupid!), that the Democrats are flailing &amp; lying like CRAZY! Phony books, articles and T.V. “hits” like no other pol has had to endure-and they are losing big. Very dishonest people!</p>"
realDonaldTrump,Donald J. Trump,1038792215617830912,2018-09-09 14:12:18,/realDonaldTrump/status/1038792215617830912,76733,13855,18546,"“Trump has set Economic Growth on fire. During his time in office, the economy has achieved feats most experts thought impossible. GDP is growing at a 3 percent-plus rate. The unemployment rate is near a 50 year low.” CNBC...Also, the Stock Market is up almost 50% since Election!","<p class=""TweetTextSize js-tweet-text tweet-text"" data-aria-label-part=""0"" lang=""en"">“Trump has set Economic Growth on fire. During his time in office, the <strong>economy</strong> has achieved feats most experts thought impossible. GDP is growing at a 3 percent-plus rate. The unemployment rate is near a 50 year low.” CNBC...Also, the Stock Market is up almost 50% since Election!</p>"
realDonaldTrump,Donald J. Trump,984032798821568513,2018-04-11 11:37:56,/realDonaldTrump/status/984032798821568513,119946,30001,30158,"Our relationship with Russia is worse now than it has ever been, and that includes the Cold War. There is no reason for this. Russia needs us to help with their economy, something that would be very easy to do, and we need all nations to work together. Stop the arms race?","<p class=""TweetTextSize js-tweet-text tweet-text"" data-aria-label-part=""0"" lang=""en"">Our relationship with Russia is worse now than it has ever been, and that includes the Cold War. There is no reason for this. Russia needs us to help with their <strong>economy</strong>, something that would be very easy to do, and we need all nations to work together. Stop the arms race?</p>"
realDonaldTrump,Donald J. Trump,1052609907344715777,2018-10-17 17:18:53,/realDonaldTrump/status/1052609907344715777,36017,3395,8893,"“President Donald J. Trump is Following Through on His Promise to Cut Burdensome Red Tape and Unleash the American Economy”
Read more: https://www.whitehouse.gov/briefings-statements/president-donald-j-trump-following-promise-cut-burdensome-red-tape-unleash-american-economy/ …pic.twitter.com/zF8fEsw3in","<p class=""TweetTextSize js-tweet-text tweet-text"" data-aria-label-part=""0"" lang=""en"">“President Donald J. Trump is Following Through on His Promise to Cut Burdensome Red Tape and Unleash the American <strong>Economy</strong>”
Read more: <a class=""twitter-timeline-link"" data-expanded-url=""https://www.whitehouse.gov/briefings-statements/president-donald-j-trump-following-promise-cut-burdensome-red-tape-unleash-american-economy/"" dir=""ltr"" href=""https://t.co/SrBaQzpq4E"" rel=""nofollow noopener"" target=""_blank"" title=""https://www.whitehouse.gov/briefings-statements/president-donald-j-trump-following-promise-cut-burdensome-red-tape-unleash-american-economy/""><span class=""tco-ellipsis""></span><span class=""invisible"">https://www.</span><span class=""js-display-url"">whitehouse.gov/briefings-stat</span><span class=""invisible"">ements/president-donald-j-trump-following-promise-cut-burdensome-red-tape-unleash-american-economy/</span><span class=""tco-ellipsis""><span class=""invisible""> </span>…</span></a><a class=""twitter-timeline-link u-hidden"" data-pre-embedded=""true"" dir=""ltr"" href=""https://t.co/zF8fEsw3in"">pic.twitter.com/zF8fEsw3in</a></p>"
realDonaldTrump,Donald J. Trump,1019538038651871233,2018-07-18 11:03:05,/realDonaldTrump/status/1019538038651871233,69282,12662,15486,“A lot of Democrats wished they voted for the Tax Cuts because the economy is booming - we could have 4% growth now and the Fed said yesterday that unemployment could drop again.”  @foxandfriends @kilmeade,"<p class=""TweetTextSize js-tweet-text tweet-text"" data-aria-label-part=""0"" lang=""en"">“A lot of Democrats wished they voted for the Tax Cuts because the <strong>economy</strong> is booming - we could have 4% growth now and the Fed said yesterday that unemployment could drop again.”  <a class=""twitter-atreply pretty-link js-nav"" data-mentioned-user-id=""15513604"" dir=""ltr"" href=""/foxandfriends""><s>@</s><b>foxandfriends</b></a> <a class=""twitter-atreply pretty-link js-nav"" data-mentioned-user-id=""43919633"" dir=""ltr"" href=""/kilmeade""><s>@</s><b>kilmeade</b></a></p>"
realDonaldTrump,Donald J. Trump,1019230023897833479,2018-07-17 14:39:08,/realDonaldTrump/status/1019230023897833479,121100,41987,23064,The economy of the United States is stronger than ever before!,"<p class=""TweetTextSize js-tweet-text tweet-text"" data-aria-label-part=""0"" lang=""en"">The <strong>economy</strong> of the United States is stronger than ever before!</p>"
realDonaldTrump,Donald J. Trump,1033836873473568768,2018-08-26 22:01:33,/realDonaldTrump/status/1033836873473568768,111001,49297,29207,"“Mainstream Media tries to rewrite history to credit Obama for Trump accomplishments. Since President Trump took office, the economy is booming. The stronger the economy gets, the more desperate his critics are. O had weakest recovery since Great Depression.” @WashTimes","<p class=""TweetTextSize js-tweet-text tweet-text"" data-aria-label-part=""0"" lang=""en"">“Mainstream Media tries to rewrite history to credit Obama for Trump accomplishments. Since President Trump took office, the <strong>economy</strong> is booming. The stronger the <strong>economy</strong> gets, the more desperate his critics are. O had weakest recovery since Great Depression.” <a class=""twitter-atreply pretty-link js-nav"" data-mentioned-user-id=""14662354"" dir=""ltr"" href=""/WashTimes""><s>@</s><b>WashTimes</b></a></p>"
realDonaldTrump,Donald J. Trump,1032931711439589376,2018-08-24 10:04:45,/realDonaldTrump/status/1032931711439589376,82946,17672,19949,Our Economy is setting records on virtually every front - Probably the best our country has ever done. Tremendous value created since the Election. The World is respecting us again! Companies are moving back to the U.S.A.,"<p class=""TweetTextSize js-tweet-text tweet-text"" data-aria-label-part=""0"" lang=""en"">Our <strong>Economy</strong> is setting records on virtually every front - Probably the best our country has ever done. Tremendous value created since the Election. The World is respecting us again! Companies are moving back to the U.S.A.</p>"
realDonaldTrump,Donald J. Trump,1032929824900370432,2018-08-24 09:57:15,/realDonaldTrump/status/1032929824900370432,68603,8083,16770,"Target CEO raves about the Economy. “This is the best consumer environment I’ve seen in my career.” A big statement from a top executive. But virtually everybody is saying this, & when our Trade Deals are made, & cost cutting done, you haven’t seen anything yet!  @DRUDGE_REPORT","<p class=""TweetTextSize js-tweet-text tweet-text"" data-aria-label-part=""0"" lang=""en"">Target CEO raves about the <strong>Economy</strong>. “This is the best consumer environment I’ve seen in my career.” A big statement from a top executive. But virtually everybody is saying this, &amp; when our Trade Deals are made, &amp; cost cutting done, you haven’t seen anything yet!  <a class=""twitter-atreply pretty-link js-nav"" data-mentioned-user-id=""14669951"" dir=""ltr"" href=""/DRUDGE_REPORT""><s>@</s><b>DRUDGE_REPORT</b></a></p>"
realDonaldTrump,Donald J. Trump,1030811421007929345,2018-08-18 13:39:28,/realDonaldTrump/status/1030811421007929345,106556,20038,21901,"The Economy is stronger and better than ever before. Importantly, there remains tremendous potential - it will only get better with time!","<p class=""TweetTextSize js-tweet-text tweet-text"" data-aria-label-part=""0"" lang=""en"">The <strong>Economy</strong> is stronger and better than ever before. Importantly, there remains tremendous potential - it will only get better with time!</p>"
realDonaldTrump,Donald J. Trump,1006833568641777664,2018-06-13 09:40:03,/realDonaldTrump/status/1006833568641777664,71948,5199,12862,"...realize the economy is the best it’s ever been with employment being at an all time high, and many companies pouring back into our country. Wake up Punchy!","<p class=""TweetTextSize js-tweet-text tweet-text"" data-aria-label-part=""0"" lang=""en"">...realize the <strong>economy</strong> is the best it’s ever been with employment being at an all time high, and many companies pouring back into our country. Wake up Punchy!</p>"
realDonaldTrump,Donald J. Trump,1006334219759575040,2018-06-12 00:35:49,/realDonaldTrump/status/1006334219759575040,97028,21933,23498,"Our Great Larry Kudlow, who has been working so hard on trade and the economy, has just suffered a heart attack. He is now in Walter Reed Medical Center.","<p class=""TweetTextSize js-tweet-text tweet-text"" data-aria-label-part=""0"" lang=""en"">Our Great Larry Kudlow, who has been working so hard on trade and the <strong>economy</strong>, has just suffered a heart attack. He is now in Walter Reed Medical Center.</p>"
realDonaldTrump,Donald J. Trump,1006293144911085568,2018-06-11 21:52:36,/realDonaldTrump/status/1006293144911085568,134587,16187,30438,"Stock Market up almost 40% since the Election, with 7 Trillion Dollars of U.S. value built throughout the economy. Lowest unemployment rate in many decades, with Black & Hispanic unemployment lowest in History, and Female unemployment lowest in 21 years. Highest confidence ever!","<p class=""TweetTextSize js-tweet-text tweet-text"" data-aria-label-part=""0"" lang=""en"">Stock Market up almost 40% since the Election, with 7 Trillion Dollars of U.S. value built throughout the <strong>economy</strong>. Lowest unemployment rate in many decades, with Black &amp; Hispanic unemployment lowest in History, and Female unemployment lowest in 21 years. Highest confidence ever!</p>"
realDonaldTrump,Donald J. Trump,1003952348962619392,2018-06-05 10:51:07,/realDonaldTrump/status/1003952348962619392,70674,8419,15449,The U.S. has an increased economic value of more than 7 Trillion Dollars since the Election. May be the best economy in the history of our country. Record Jobs numbers. Nice!,"<p class=""TweetTextSize js-tweet-text tweet-text"" data-aria-label-part=""0"" lang=""en"">The U.S. has an increased economic value of more than 7 Trillion Dollars since the Election. May be the best <strong>economy</strong> in the history of our country. Record Jobs numbers. Nice!</p>"
realDonaldTrump,Donald J. Trump,1003738744061603843,2018-06-04 20:42:19,/realDonaldTrump/status/1003738744061603843,82007,19463,16726,In many ways this is the greatest economy in the HISTORY of America and the best time EVER to look for a job!,"<p class=""TweetTextSize js-tweet-text tweet-text"" data-aria-label-part=""0"" lang=""en"">In many ways this is the greatest <strong>economy</strong> in the HISTORY of America and the best time EVER to look for a job!</p>"
realDonaldTrump,Donald J. Trump,1003738642903420928,2018-06-04 20:41:55,/realDonaldTrump/status/1003738642903420928,86285,21108,19198,The Fake News Media is desperate to distract from the economy and record setting economic numbers and so they keep talking about the phony Russian Witch Hunt.,"<p class=""TweetTextSize js-tweet-text tweet-text"" data-aria-label-part=""0"" lang=""en"">The Fake News Media is desperate to distract from the <strong>economy</strong> and record setting economic numbers and so they keep talking about the phony Russian Witch Hunt.</p>"
realDonaldTrump,Donald J. Trump,1003601217111707649,2018-06-04 11:35:50,/realDonaldTrump/status/1003601217111707649,125562,30170,26625,"This is my 500th. Day in Office and we have accomplished a lot - many believe more than any President in his first 500 days. Massive Tax & Regulation Cuts, Military & Vets, Lower Crime & Illegal Immigration, Stronger Borders, Judgeships, Best Economy & Jobs EVER, and much more...","<p class=""TweetTextSize js-tweet-text tweet-text"" data-aria-label-part=""0"" lang=""en"">This is my 500th. Day in Office and we have accomplished a lot - many believe more than any President in his first 500 days. Massive Tax &amp; Regulation Cuts, Military &amp; Vets, Lower Crime &amp; Illegal Immigration, Stronger Borders, Judgeships, Best <strong>Economy</strong> &amp; Jobs EVER, and much more...</p>"
realDonaldTrump,Donald J. Trump,982353242196766720,2018-04-06 20:23:58,/realDonaldTrump/status/982353242196766720,92964,8420,27995,“BET founder: Trump's economy is bringing black workers back into the labor force” https://www.cnbc.com/2018/04/06/bet-founder-trump-economy-brings-black-workers-back-into-labor-force.html …,"<p class=""TweetTextSize js-tweet-text tweet-text"" data-aria-label-part=""0"" lang=""en"">“BET founder: Trump's <strong>economy</strong> is bringing black workers back into the labor force” <a class=""twitter-timeline-link u-hidden"" data-expanded-url=""https://www.cnbc.com/2018/04/06/bet-founder-trump-economy-brings-black-workers-back-into-labor-force.html"" dir=""ltr"" href=""https://t.co/TtMDfi4bv0"" rel=""nofollow noopener"" target=""_blank"" title=""https://www.cnbc.com/2018/04/06/bet-founder-trump-economy-brings-black-workers-back-into-labor-force.html""><span class=""tco-ellipsis""></span><span class=""invisible"">https://www.</span><span class=""js-display-url"">cnbc.com/2018/04/06/bet</span><span class=""invisible"">-founder-trump-economy-brings-black-workers-back-into-labor-force.html</span><span class=""tco-ellipsis""><span class=""invisible""> </span>…</span></a></p>"
