tweet-id,user,fullname,text,timestamp,day_timestamp,sentiment,day_average_sentiment,likes,replies,retweets
982353242196766720,realDonaldTrump,Donald J. Trump,“BET founder: Trump's economy is bringing black workers back into the labor force” https://www.cnbc.com/2018/04/06/bet-founder-trump-economy-brings-black-workers-back-into-labor-force.html …,2018-04-06 20:23:58,2018-04-06,0.0,0.0,92964,8420,27995
984032798821568513,realDonaldTrump,Donald J. Trump,"Our relationship with Russia is worse now than it has ever been, and that includes the Cold War. There is no reason for this. Russia needs us to help with their economy, something that would be very easy to do, and we need all nations to work together. Stop the arms race?",2018-04-11 11:37:56,2018-04-11,-0.6712,-0.6712,119946,30001,30158
994176238846664706,realDonaldTrump,Donald J. Trump,"The Republican Party had a great night. Tremendous voter energy and excitement, and all candidates are those who have a great chance of winning in November. The Economy is sooo strong, and with Nancy Pelosi wanting to end the big Tax Cuts and Raise Taxes, why wouldn’t we win?",2018-05-09 11:24:20,2018-05-09,0.9788,0.039100000000000024,79931,9409,18098
994179864436596736,realDonaldTrump,Donald J. Trump,"The Fake News is working overtime. Just reported that, despite the tremendous success we are having with the economy & all things else, 91% of the Network News about me is negative (Fake). Why do we work so hard in working with the media when it is corrupt? Take away credentials?",2018-05-09 11:38:45,2018-05-09,-0.9006,0.039100000000000024,115317,54335,26148
997233764689498112,realDonaldTrump,Donald J. Trump,Great talk with my friend President Mauricio Macri of Argentina this week. He is doing such a good job for Argentina. I support his vision for transforming his country’s economy and unleashing its potential!,2018-05-17 21:53:51,2018-05-17,0.9348,0.9348,79795,6374,16005
1001085207825534976,realDonaldTrump,Donald J. Trump,"Happy Memorial Day! Those who died for our great country would be very happy and proud at how well our country is doing today. Best economy in decades, lowest unemployment numbers for Blacks and Hispanics EVER (& women in 18years), rebuilding our Military and so much more. Nice!",2018-05-28 12:58:07,2018-05-28,0.9538,0.9538,126049,66659,25883
1001424695126880258,realDonaldTrump,Donald J. Trump,"Sorry, I’ve got to start focusing my energy on North Korea Nuclear, bad Trade Deals, VA Choice, the Economy, rebuilding the Military, and so much more, and not on the Rigged Russia Witch Hunt that should be investigating Clinton/Russia/FBI/Justice/Obama/Comey/Lynch etc.",2018-05-29 11:27:07,2018-05-29,-0.4749,-0.4749,116859,36961,27411
1003601217111707649,realDonaldTrump,Donald J. Trump,"This is my 500th. Day in Office and we have accomplished a lot - many believe more than any President in his first 500 days. Massive Tax & Regulation Cuts, Military & Vets, Lower Crime & Illegal Immigration, Stronger Borders, Judgeships, Best Economy & Jobs EVER, and much more...",2018-06-04 11:35:50,2018-06-04,-0.2023,-0.0603333333333333,125562,30170,26625
1003738642903420928,realDonaldTrump,Donald J. Trump,The Fake News Media is desperate to distract from the economy and record setting economic numbers and so they keep talking about the phony Russian Witch Hunt.,2018-06-04 20:41:55,2018-06-04,-0.8442,-0.0603333333333333,86285,21108,19198
1003738744061603843,realDonaldTrump,Donald J. Trump,In many ways this is the greatest economy in the HISTORY of America and the best time EVER to look for a job!,2018-06-04 20:42:19,2018-06-04,0.8655,-0.0603333333333333,82007,19463,16726
1003952348962619392,realDonaldTrump,Donald J. Trump,The U.S. has an increased economic value of more than 7 Trillion Dollars since the Election. May be the best economy in the history of our country. Record Jobs numbers. Nice!,2018-06-05 10:51:07,2018-06-05,0.8955,0.8955,70674,8419,15449
1006293144911085568,realDonaldTrump,Donald J. Trump,"Stock Market up almost 40% since the Election, with 7 Trillion Dollars of U.S. value built throughout the economy. Lowest unemployment rate in many decades, with Black & Hispanic unemployment lowest in History, and Female unemployment lowest in 21 years. Highest confidence ever!",2018-06-11 21:52:36,2018-06-11,-0.8777,-0.8777,134587,16187,30438
1006334219759575040,realDonaldTrump,Donald J. Trump,"Our Great Larry Kudlow, who has been working so hard on trade and the economy, has just suffered a heart attack. He is now in Walter Reed Medical Center.",2018-06-12 00:35:49,2018-06-12,-0.4707,-0.4707,97028,21933,23498
1006833568641777664,realDonaldTrump,Donald J. Trump,"...realize the economy is the best it’s ever been with employment being at an all time high, and many companies pouring back into our country. Wake up Punchy!",2018-06-13 09:40:03,2018-06-13,0.6696,0.6696,71948,5199,12862
1007239837529800705,realDonaldTrump,Donald J. Trump,The Republican Party is starting to show very big numbers. People are starting to see what is being done. Results are speaking loudly. North Korea and our greatest ever economy are leading the way!,2018-06-14 12:34:25,2018-06-14,0.8016,0.8016,110984,19529,22715
1007589800667435011,realDonaldTrump,Donald J. Trump,"U.S.A. Jobs numbers are the BEST in 44 years. If my opponent (the Democrats) had won the election, they would have raised taxes substantially and increased regulations - the economy, and jobs, would have been a disaster!",2018-06-15 11:45:03,2018-06-15,0.8022,0.8022,95827,11919,20520
1008335560988078080,realDonaldTrump,Donald J. Trump,"Our economy is perhaps BETTER than it has ever been. Companies doing really well, and moving back to America, and jobs numbers are the best in 44 years.",2018-06-17 13:08:26,2018-06-17,0.8814,0.8814,80082,13647,14961
1009895079631351808,realDonaldTrump,Donald J. Trump,"""The real big story that affects everybody in America is the success of @POTUS's TAX CUT package and what it's done for our economy...” @Varneycopic.twitter.com/2bUbA7zSFM",2018-06-21 20:25:24,2018-06-21,0.2185,0.2185,45809,7697,11043
1010503423773507584,realDonaldTrump,Donald J. Trump,“Disability applications plunge as economy strengthens”  Failing New York Times,2018-06-23 12:42:45,2018-06-23,-0.5106,0.17424999999999996,61997,6678,12857
1010567610352611328,realDonaldTrump,Donald J. Trump,"Heading to Nevada to talk trade and immigration with supporters. Country’s economy is stronger than ever before with numbers that are getting better by the week. Tremendous potential, and trade deals are coming along well.",2018-06-23 16:57:48,2018-06-23,0.8591,0.17424999999999996,77996,9896,14798
1011579076493144065,realDonaldTrump,Donald J. Trump,"It was great being with Governor Henry McMaster last night in South Carolina. Henry is tough on Crime and Borders, loves our Military and our Vets and has created many jobs and a great economy. GO OUT AND VOTE FOR HENRY TODAY, HE WILL NEVER LET YOU DOWN!",2018-06-26 11:57:00,2018-06-26,0.8805,0.8805,71451,5584,15056
1013507396558303233,realDonaldTrump,Donald J. Trump,"A big week, especially with our numerous victories in the Supreme Court. Heading back to the White House now. Focus will be on the selection of a new Supreme Court Justice. Exciting times for our country. Economy may be stronger than it has ever been!",2018-07-01 19:39:28,2018-07-01,0.9493,0.9493,121906,19955,25167
1014094834863362049,realDonaldTrump,Donald J. Trump,"The economy is doing perhaps better than ever before, and that’s prior to fixing some of the worst and most unfair Trade Deals ever made by any country. In any event, they are coming along very well. Most countries agree that they must be changed, but nobody ever asked!",2018-07-03 10:33:44,2018-07-03,-0.1287,-0.1287,65600,9644,13986
1016638035281219584,realDonaldTrump,Donald J. Trump,"Thank you to all of my great supporters, really big progress being made. Other countries wanting to fix crazy trade deals. Economy is ROARING. Supreme Court pick getting GREAT REVIEWS. New Poll says Trump, at over 90%, is the most popular Republican in history of the Party. Wow!",2018-07-10 10:59:30,2018-07-10,0.9826,0.9826,121384,23935,24901
1019230023897833479,realDonaldTrump,Donald J. Trump,The economy of the United States is stronger than ever before!,2018-07-17 14:39:08,2018-07-17,0.69,0.69,121100,41987,23064
1019538038651871233,realDonaldTrump,Donald J. Trump,“A lot of Democrats wished they voted for the Tax Cuts because the economy is booming - we could have 4% growth now and the Fed said yesterday that unemployment could drop again.”  @foxandfriends @kilmeade,2018-07-18 11:03:05,2018-07-18,-0.5574,-0.5574,69282,12662,15486
1022877332858650624,realDonaldTrump,Donald J. Trump,"I am thrilled to announce that in the second quarter of this year, the U.S. Economy grew at the amazing rate of 4.1%! pic.twitter.com/xeAPwAAOXN",2018-07-27 16:12:14,2018-07-27,0.7901,0.7901,88994,11904,21246
1025504226204680192,realDonaldTrump,Donald J. Trump,July is just the ninth month since 1970 that unemployment has fallen below 4%. Our economy has added 3.7 million jobs since I won the Election. 4.1 GDP. More than 4 million people have received a pay raise due to tax reform. $400 Billion brought back from “overseas.” @FoxNews,2018-08-03 22:10:35,2018-08-03,-0.2732,-0.2732,76278,9097,17811
1025834673736482817,realDonaldTrump,Donald J. Trump,"....China, which is for the first time doing poorly against us, is spending a fortune on ads and P.R. trying to convince and scare our politicians to fight me on Tariffs- because they are really hurting their economy. Likewise other countries. We are Winning, but must be strong!",2018-08-04 20:03:39,2018-08-04,0.5492,-0.048350000000000004,67896,8403,15925
1025847254660403201,realDonaldTrump,Donald J. Trump,"Iran, and it’s economy, is going very bad, and fast! I will meet, or not meet, it doesn’t matter - it is up to them!",2018-08-04 20:53:39,2018-08-04,-0.6459,-0.048350000000000004,85006,15630,17852
1026196465696350208,realDonaldTrump,Donald J. Trump,"Presidential Approval numbers are very good - strong economy, military and just about everything else. Better numbers than Obama at this point, by far. We are winning on just about every front and for that reason there will not be a Blue Wave, but there might be a Red Wave!",2018-08-05 20:01:17,2018-08-05,0.835,0.835,132618,43504,28084
1026481210405605376,realDonaldTrump,Donald J. Trump,"Great financial numbers being announced on an almost daily basis. Economy has never been better, jobs at best point in history. Fixing our terrible Trade Deals is a priority-and going very well. Immigration on Merit Based System to take care of the companies coming back to U.S.A.",2018-08-06 14:52:46,2018-08-06,0.904,0.904,73167,12620,17143
1027214330503352320,realDonaldTrump,Donald J. Trump,"As long as I campaign and/or support Senate and House candidates (within reason), they will win! I LOVE the people, & they certainly seem to like the job I’m doing. If I find the time, in between China, Iran, the Economy and much more, which I must, we will have a giant Red Wave!",2018-08-08 15:25:55,2018-08-08,0.951,0.951,93072,23923,20631
1030072571948134400,realDonaldTrump,Donald J. Trump,"Our Economy is doing better than ever. Money is pouring into our cherished DOLLAR like rarely before, companies earnings are higher than ever, inflation is low & business optimism is higher than it has ever been. For the first time in many decades, we are protecting our workers!",2018-08-16 12:43:33,2018-08-16,0.8858,0.8858,89842,18110,21272
1030811421007929345,realDonaldTrump,Donald J. Trump,"The Economy is stronger and better than ever before. Importantly, there remains tremendous potential - it will only get better with time!",2018-08-18 13:39:28,2018-08-18,0.8748,0.8748,106556,20038,21901
1032929824900370432,realDonaldTrump,Donald J. Trump,"Target CEO raves about the Economy. “This is the best consumer environment I’ve seen in my career.” A big statement from a top executive. But virtually everybody is saying this, & when our Trade Deals are made, & cost cutting done, you haven’t seen anything yet!  @DRUDGE_REPORT",2018-08-24 09:57:15,2018-08-24,0.3699,0.63595,68603,8083,16770
1032931711439589376,realDonaldTrump,Donald J. Trump,Our Economy is setting records on virtually every front - Probably the best our country has ever done. Tremendous value created since the Election. The World is respecting us again! Companies are moving back to the U.S.A.,2018-08-24 10:04:45,2018-08-24,0.902,0.63595,82946,17672,19949
1033836873473568768,realDonaldTrump,Donald J. Trump,"“Mainstream Media tries to rewrite history to credit Obama for Trump accomplishments. Since President Trump took office, the economy is booming. The stronger the economy gets, the more desperate his critics are. O had weakest recovery since Great Depression.” @WashTimes",2018-08-26 22:01:33,2018-08-26,0.2366,0.2366,111001,49297,29207
1037329782671859712,realDonaldTrump,Donald J. Trump,The Trump Economy is booming with help of House and Senate GOP. #FarmBill with SNAP work  requirements will bolster farmers and get America back to work. Pass the Farm Bill with SNAP work requirements!,2018-09-05 13:21:07,2018-09-05,0.4574,0.4574,59092,8223,13577
1037661562897682432,realDonaldTrump,Donald J. Trump,"The Deep State and the Left, and their vehicle, the Fake News Media, are going Crazy - & they don’t know what to do. The Economy is booming like never before, Jobs are at Historic Highs, soon TWO Supreme Court Justices & maybe Declassification to find Additional Corruption. Wow!",2018-09-06 11:19:30,2018-09-06,0.69,0.69,126675,30665,35410
1038792215617830912,realDonaldTrump,Donald J. Trump,"“Trump has set Economic Growth on fire. During his time in office, the economy has achieved feats most experts thought impossible. GDP is growing at a 3 percent-plus rate. The unemployment rate is near a 50 year low.” CNBC...Also, the Stock Market is up almost 50% since Election!",2018-09-09 14:12:18,2018-09-09,-0.3164,-0.3164,76733,13855,18546
1039150829754888193,realDonaldTrump,Donald J. Trump,"The Economy is soooo good, perhaps the best in our country’s history (remember, it’s the economy stupid!), that the Democrats are flailing & lying like CRAZY! Phony books, articles and T.V. “hits” like no other pol has had to endure-and they are losing big. Very dishonest people!",2018-09-10 13:57:18,2018-09-10,-0.6251,-0.6251,88492,24226,21616
1039693872396468227,realDonaldTrump,Donald J. Trump,"Crazy Maxine Waters: “After we impeach Trump, we’ll go after Mike Pence. We’ll get him.”  @FoxNews  Where are the Democrats coming from? The best Economy in the history of our country would totally collapse if they ever took control!",2018-09-12 01:55:10,2018-09-12,-0.2465,-0.2465,108157,27847,27792
1041086383505465345,realDonaldTrump,Donald J. Trump,"While my (our) poll numbers are good, with the Economy being the best ever, if it weren’t for the Rigged Russian Witch Hunt, they would be 25 points higher! Highly conflicted Bob Mueller & the 17 Angry Democrats are using this Phony issue to hurt us in the Midterms. No Collusion!",2018-09-15 22:08:30,2018-09-15,-0.7494,-0.7494,82618,37661,20826
1041151464046043137,realDonaldTrump,Donald J. Trump,Exclusive -- Donald Trump Jr. to Obama: My Dad Fixed the Economy You Could Not http://bit.ly/2NehnyL  via @BreitbartNews,2018-09-16 02:27:07,2018-09-16,0.128,0.128,66734,32941,19017
1042376378593804289,realDonaldTrump,Donald J. Trump,"“The recovery got started on Election Day 2016. It took Trump’s Tax Cuts and Regulation Cuts to get the economy booming. Before that it was the worst and slowest economic recovery since the Great Depression. It took just 6 months for Trump to get to 3%, even though they said.....",2018-09-19 11:34:29,2018-09-19,-0.7964,-0.7964,77418,15311,18681
1042731410858168320,realDonaldTrump,Donald J. Trump,"Financial and jobs numbers are fantastic. There are plenty of new, high paying jobs available in our great and very vibrant economy. If you are not happy where you are, start looking - but also remember, our economy is only getting better. Vote in Midterms!",2018-09-20 11:05:16,2018-09-20,0.8534,0.66505,70843,8283,17508
1042738383720726528,realDonaldTrump,Donald J. Trump,"“We can’t secure the Border because of the Democrats historic level of Obstruction. The Presidents fed up with this. His agenda is working. The economy is growing at twice the rate it did under Obama. We’ve nominated and confirmed 68 Federal Judges, 26 Court of Appeals Judges....",2018-09-20 11:32:58,2018-09-20,0.4767,0.66505,60761,8417,15390
1052609907344715777,realDonaldTrump,Donald J. Trump,"“President Donald J. Trump is Following Through on His Promise to Cut Burdensome Red Tape and Unleash the American Economy”
Read more: https://www.whitehouse.gov/briefings-statements/president-donald-j-trump-following-promise-cut-burdensome-red-tape-unleash-american-economy/ …pic.twitter.com/zF8fEsw3in",2018-10-17 17:18:53,2018-10-17,-0.3818,-0.3818,36017,3395,8893
1054556416155910144,realDonaldTrump,Donald J. Trump,At stake in this Election is whether we continue the extraordinary prosperity we have achieved - or whether we let the Radical Democrat Mob take a giant wrecking ball to our Country and our Economy! #JobsNotMobspic.twitter.com/POhRivI1BZ,2018-10-23 02:13:36,2018-10-23,0.0,0.0,61653,9128,18003
1055531231495024642,realDonaldTrump,Donald J. Trump,"...I agree with their stance 100%, and the United States is likewise taking a very hard line on illegal immigration. The Prime Minister is working very hard on the economy of Italy - he will be successful!",2018-10-25 18:47:11,2018-10-25,0.5277,0.5277,52564,3439,12238
